"imdb_rating","gross","genre","series_title","director"
"9.3",28341469,"Drama","The Shawshank Redemption","Frank Darabont"
"9.2",134966411,"Crime, Drama","The Godfather","Francis Ford Coppola"
"9",4360000,"Crime, Drama","12 Angry Men","Sidney Lumet"
"9",57300000,"Crime, Drama","The Godfather: Part II","Francis Ford Coppola"
"9",534858444,"Action, Crime, Drama","The Dark Knight","Christopher Nolan"
"8.9",96898818,"Biography, Drama, History","Schindler's List","Steven Spielberg"
"8.9",107928762,"Crime, Drama","Pulp Fiction","Quentin Tarantino"
"8.9",377845905,"Action, Adventure, Drama","The Lord of the Rings: The Return of the King","Peter Jackson"
"8.8",6100000,"Western","Il buono, il brutto, il cattivo","Sergio Leone"
"8.8",37030102,"Drama","Fight Club","David Fincher"
"8.8",292576195,"Action, Adventure, Sci-Fi","Inception","Christopher Nolan"
"8.8",315544750,"Action, Adventure, Drama","The Lord of the Rings: The Fellowship of the Ring","Peter Jackson"
"8.8",330252182,"Drama, Romance","Forrest Gump","Robert Zemeckis"
"8.7",46836394,"Biography, Crime, Drama","Goodfellas","Martin Scorsese"
"8.7",112000000,"Drama","One Flew Over the Cuckoo's Nest","Milos Forman"
"8.7",171479930,"Action, Sci-Fi","The Matrix","Lana Wachowski"
"8.7",290475067,"Action, Adventure, Fantasy","Star Wars: Episode V - The Empire Strikes Back","Irvin Kershner"
"8.7",342551365,"Action, Adventure, Drama","The Lord of the Rings: The Two Towers","Peter Jackson"
"8.6",269061,"Action, Adventure, Drama","Shichinin no samurai","Akira Kurosawa"
"8.6",7563397,"Crime, Drama","Cidade de Deus","Fernando Meirelles"
"8.6",10055859,"Animation, Adventure, Family","Sen to Chihiro no kamikakushi","Hayao Miyazaki"
"8.6",53367844,"Comedy, Drama, Thriller","Gisaengchung","Bong Joon Ho"
"8.6",57598247,"Comedy, Drama, Romance","La vita è bella","Roberto Benigni"
"8.6",100125643,"Crime, Drama, Mystery","Se7en","David Fincher"
"8.6",130742922,"Crime, Drama, Thriller","The Silence of the Lambs","Jonathan Demme"
"8.6",136801374,"Crime, Drama, Fantasy","The Green Mile","Frank Darabont"
"8.6",188020017,"Adventure, Drama, Sci-Fi","Interstellar","Christopher Nolan"
"8.6",216540909,"Drama, War","Saving Private Ryan","Steven Spielberg"
"8.6",322740140,"Action, Adventure, Fantasy","Star Wars","George Lucas"
"8.5",19181,"Comedy, Drama, Romance","City Lights","Charles Chaplin"
"8.5",163245,"Comedy, Drama, Family","Modern Times","Charles Chaplin"
"8.5",1024560,"Drama, Romance, War","Casablanca","Michael Curtiz"
"8.5",5321508,"Western","Once Upon a Time in the West","Sergio Leone"
"8.5",6719864,"Drama","American History X","Tony Kaye"
"8.5",11990401,"Drama, Romance","Nuovo Cinema Paradiso","Giuseppe Tornatore"
"8.5",13092000,"Drama, Music","Whiplash","Damien Chazelle"
"8.5",13182281,"Biography, Comedy, Drama","The Intouchables","Olivier Nakache"
"8.5",19501238,"Action, Crime, Drama","Léon","Luc Besson"
"8.5",23341568,"Crime, Mystery, Thriller","The Usual Suspects","Bryan Singer"
"8.5",32000000,"Horror, Mystery, Thriller","Psycho","Alfred Hitchcock"
"8.5",32572577,"Biography, Drama, Music","The Pianist","Roman Polanski"
"8.5",53089891,"Drama, Mystery, Sci-Fi","The Prestige","Christopher Nolan"
"8.5",132384315,"Crime, Drama, Thriller","The Departed","Martin Scorsese"
"8.5",187705427,"Action, Adventure, Drama","Gladiator","Ridley Scott"
"8.5",204843350,"Action, Sci-Fi","Terminator 2: Judgment Day","James Cameron"
"8.5",210609762,"Adventure, Comedy, Sci-Fi","Back to the Future","Robert Zemeckis"
"8.5",335451311,"Crime, Drama, Thriller","Joker","Todd Phillips"
"8.5",422783777,"Animation, Adventure, Drama","The Lion King","Roger Allers"
"8.4",275902,"Comedy","Dr. Strangelove or: How I Learned to Stop Worrying and Love the Bomb","Stanley Kubrick"
"8.4",288475,"Comedy, Drama, War","The Great Dictator","Charles Chaplin"
"8.4",707481,"Action, Drama, Mystery","Oldeuboi","Chan-wook Park"
"8.4",1223869,"Drama, Family","Taare Zameen Par","Aamir Khan"
"8.4",1661096,"Drama","Capharnaüm","Nadine Labaki"
"8.4",2375308,"Animation, Action, Adventure","Mononoke-hime","Hayao Miyazaki"
"8.4",5017246,"Animation, Drama, Fantasy","Kimi no na wa.","Makoto Shinkai"
"8.4",5321508,"Crime, Drama","Once Upon a Time in America","Sergio Leone"
"8.4",6532908,"Comedy, Drama","3 Idiots","Rajkumar Hirani"
"8.4",8175000,"Crime, Drama, Mystery","Witness for the Prosecution","Billy Wilder"
"8.4",11286112,"Drama, Mystery, Thriller","The Lives of Others","Florian Henckel von Donnersmarck"
"8.4",12391761,"Action, Biography, Drama","Dangal","Nitesh Tiwari"
"8.4",25544867,"Mystery, Thriller","Memento","Christopher Nolan"
"8.4",36764313,"Mystery, Thriller","Rear Window","Alfred Hitchcock"
"8.4",44017374,"Drama, Horror","The Shining","Stanley Kubrick"
"8.4",78900000,"Horror, Sci-Fi","Alien","Ridley Scott"
"8.4",83471511,"Drama, Mystery, War","Apocalypse Now","Francis Ford Coppola"
"8.4",162805434,"Drama, Western","Django Unchained","Quentin Tarantino"
"8.4",190241310,"Animation, Action, Adventure","Spider-Man: Into the Spider-Verse","Bob Persichetti"
"8.4",209726015,"Animation, Adventure, Family","Coco","Lee Unkrich"
"8.4",223808164,"Animation, Adventure, Family","WALL·E","Andrew Stanton"
"8.4",248159971,"Action, Adventure","Raiders of the Lost Ark","Steven Spielberg"
"8.4",448139099,"Action, Adventure","The Dark Knight Rises","Christopher Nolan"
"8.4",678815482,"Action, Adventure, Sci-Fi","Avengers: Infinity War","Anthony Russo"
"8.4",858373000,"Action, Adventure, Drama","Avengers: Endgame","Anthony Russo"
"8.3",28877,"Crime, Mystery, Thriller","M - Eine Stadt sucht einen Mörder","Fritz Lang"
"8.3",55240,"Drama","Ikiru","Akira Kurosawa"
"8.3",332930,"Drama","Ladri di biciclette","Vittorio De Sica"
"8.3",687185,"Drama","Jagten","Thomas Vinterberg"
"8.3",933933,"Drama, Family, Sport","Bacheha-Ye aseman","Majid Majidi"
"8.3",1236166,"Drama, Sci-Fi","Metropolis","Fritz Lang"
"8.3",1373943,"Crime, Drama, Music","Andhadhun","Sriram Raghavan"
"8.3",1585634,"Drama, Mystery","Citizen Kane","Orson Welles"
"8.3",2832029,"Crime, Drama, Thriller","Reservoir Dogs","Quentin Tarantino"
"8.3",3200000,"Mystery, Romance, Thriller","Vertigo","Alfred Hitchcock"
"8.3",3635482,"Drama","Requiem for a Dream","Darren Aronofsky"
"8.3",5450000,"Comedy, Drama, Family","The Kid","Charles Chaplin"
"8.3",5720000,"Crime, Drama, Film-Noir","Double Indemnity","Billy Wilder"
"8.3",6207725,"Crime, Drama, Sci-Fi","A Clockwork Orange","Stanley Kubrick"
"8.3",6857096,"Drama, Mystery, War","Incendies","Denis Villeneuve"
"8.3",7098492,"Drama","Jodaeiye Nader az Simin","Asghar Farhadi"
"8.3",8819028,"Comedy, Musical, Romance","Singin' in the Rain","Stanley Donen"
"8.3",11487676,"Adventure, Drama, Thriller","Das Boot","Wolfgang Petersen"
"8.3",13275000,"Adventure, Mystery, Thriller","North by Northwest","Alfred Hitchcock"
"8.3",15000000,"Western","Per qualche dollaro in più","Sergio Leone"
"8.3",18600000,"Comedy, Drama, Romance","The Apartment","Billy Wilder"
"8.3",28262574,"Crime, Drama","Taxi Driver","Martin Scorsese"
"8.3",30328156,"Comedy, Crime","Snatch","Guy Ritchie"
"8.3",33225499,"Comedy, Romance","Amélie","Jean-Pierre Jeunet"
"8.3",34400301,"Drama, Romance, Sci-Fi","Eternal Sunshine of the Spotless Mind","Michel Gondry"
"8.3",44824144,"Adventure, Biography, Drama","Lawrence of Arabia","David Lean"
"8.3",45598982,"Crime, Drama","Scarface","Brian De Palma"
"8.3",46357676,"Drama, War","Full Metal Jacket","Stanley Kubrick"
"8.3",51973029,"Biography, Drama, History","Amadeus","Milos Forman"
"8.3",56954992,"Adventure, Sci-Fi","2001: A Space Odyssey","Stanley Kubrick"
"8.3",75600000,"Biography, Drama, History","Braveheart","Mel Gibson"
"8.3",85160248,"Action, Adventure, Sci-Fi","Aliens","James Cameron"
"8.3",120540719,"Adventure, Drama, War","Inglourious Basterds","Quentin Tarantino"
"8.3",130096601,"Drama","American Beauty","Sam Mendes"
"8.3",138433435,"Drama, Romance","Good Will Hunting","Gus Van Sant"
"8.3",159227644,"Drama, Thriller, War","1917","Sam Mendes"
"8.3",159600000,"Comedy, Crime, Drama","The Sting","George Roy Hill"
"8.3",191796233,"Animation, Adventure, Comedy","Toy Story","John Lasseter"
"8.3",309125409,"Action, Adventure, Fantasy","Star Wars: Episode VI - Return of the Jedi","Richard Marquand"
"8.2",7461,"Drama","Udaan","Vikramaditya Motwane"
"8.2",10177,"Drama","All About Eve","Joseph L. Mankiewicz"
"8.2",12562,"Crime, Thriller","Dial M for Murder","Alfred Hitchcock"
"8.2",39567,"Action, Biography, Crime","Paan Singh Tomar","Tigmanshu Dhulia"
"8.2",57226,"Crime, Drama, Thriller","Du rififi chez les hommes","Jules Dassin"
"8.2",96568,"Crime, Drama, Mystery","Rashômon","Akira Kurosawa"
"8.2",144501,"Drama, War","Mandariinid","Zaza Urushadze"
"8.2",234723,"Drama, Sci-Fi","Stalker","Andrei Tarkovsky"
"8.2",280015,"Comedy, Crime, Drama","Dom za vesanje","Emir Kusturica"
"8.2",342370,"Crime, Drama, Mystery","Talvar","Meghna Gulzar"
"8.2",733094,"Drama","Black","Sanjay Leela Bhansali"
"8.2",739478,"Crime, Drama, Mystery","Drishyam","Nishikant Kamat"
"8.2",898575,"Comedy, Drama","Chhichhore","Nitesh Tiwari"
"8.2",977375,"Action, Comedy, Romance","Sherlock Jr.","Buster Keaton"
"8.2",1105564,"Animation, Family, Fantasy","Tonari no Totoro","Hayao Miyazaki"
"8.2",1113541,"Drama, Family, Sport","Chak De! India","Shimit Amin"
"8.2",1223240,"Drama","Swades: We, the People","Ashutosh Gowariker"
"8.2",1229197,"Adventure, Comedy, Fantasy","Monty Python and the Holy Grail","Terry Gilliam"
"8.2",1429534,"Adventure, Comedy, Drama","Queen","Vikas Bahl"
"8.2",1626289,"Biography, Drama, Sport","Bhaag Milkha Bhaag","Rakeysh Omprakash Mehra"
"8.2",2197331,"Comedy, Crime, Drama","Rang De Basanti","Rakeysh Omprakash Mehra"
"8.2",3897569,"Action, Comedy, Crime","Lock, Stock and Two Smoking Barrels","Guy Ritchie"
"8.2",4135750,"Action, Drama, War","Ran","Akira Kurosawa"
"8.2",4186168,"Action, Drama, War","Uri: The Surgical Strike","Aditya Dhar"
"8.2",4711096,"Animation, Adventure, Family","Hauru no ugoku shiro","Hayao Miyazaki"
"8.2",5014000,"Adventure, Drama, Western","The Treasure of the Sierra Madre","John Huston"
"8.2",5450000,"Adventure, Comedy, Drama","The Gold Rush","Charles Chaplin"
"8.2",5509040,"Biography, Drama, History","Der Untergang","Oliver Hirschbiegel"
"8.2",6391436,"Drama, Mystery, Romance","El secreto de sus ojos","Juan José Campanella"
"8.2",12100000,"Adventure, Drama, History","The Great Escape","John Sturges"
"8.2",13657115,"Action, Drama, Sport","Warrior","Gavin O'Connor"
"8.2",20186659,"Action, Drama","Baahubali 2: The Conclusion","S.S. Rajamouli"
"8.2",23383987,"Biography, Drama, Sport","Raging Bull","Martin Scorsese"
"8.2",25000000,"Comedy, Music, Romance","Some Like It Hot","Billy Wilder"
"8.2",37634615,"Drama, Fantasy, War","Pan's Labyrinth","Guillermo del Toro"
"8.2",40222514,"Drama","There Will Be Blood","Paul Thomas Anderson"
"8.2",42438300,"Crime, Drama","Casino","Martin Scorsese"
"8.2",54513740,"Comedy, Crime, Drama","Three Billboards Outside Ebbing, Missouri","Martin McDonagh"
"8.2",64616940,"Crime, Drama, Mystery","L.A. Confidential","Curtis Hanson"
"8.2",67436818,"Crime, Drama, Thriller","Heat","Michael Mann"
"8.2",70511035,"Action, Drama, Sci-Fi","V for Vendetta","James McTeigue"
"8.2",83008852,"Action, Thriller","Die Hard","John McTiernan"
"8.2",85080171,"Biography, Comedy, Drama","Green Book","Peter Farrelly"
"8.2",101157447,"Drama, Western","Unforgiven","Clint Eastwood"
"8.2",116900694,"Biography, Crime, Drama","The Wolf of Wall Street","Martin Scorsese"
"8.2",128012934,"Mystery, Thriller","Shutter Island","Martin Scorsese"
"8.2",170742341,"Biography, Drama","A Beautiful Mind","Ron Howard"
"8.2",197171806,"Action, Adventure","Indiana Jones and the Last Crusade","Steven Spielberg"
"8.2",206852432,"Action, Adventure","Batman Begins","Christopher Nolan"
"8.2",293004164,"Animation, Adventure, Comedy","Up","Pete Docter"
"8.2",415004880,"Animation, Adventure, Comedy","Toy Story 3","Lee Unkrich"
"8.1",14131,"Crime, Drama, Mystery","Salinui chueok","Bong Joon Ho"
"8.1",21877,"Biography, Drama, History","La passion de Jeanne d'Arc","Carl Theodor Dreyer"
"8.1",39481,"Crime, Drama, Mystery","Le samouraï","Jean-Pierre Melville"
"8.1",55908,"Drama, War","La battaglia di Algeri","Gillo Pontecorvo"
"8.1",70147,"Adventure, Drama, Musical","Lagaan: Once Upon a Time in India","Ashutosh Gowariker"
"8.1",102021,"Biography, Drama, History","Andrei Rublev","Andrei Tarkovsky"
"8.1",165520,"Drama","Kis Uykusu","Nuri Bilge Ceylan"
"8.1",171082,"Comedy, Drama, War","Underground","Emir Kusturica"
"8.1",172885,"Drama, War","La Grande Illusion","Jean Renoir"
"8.1",177345,"Biography, Drama","Zerkalo","Andrei Tarkovsky"
"8.1",203300,"Comedy, Drama, Romance","The Shop Around the Corner","Ernst Lubitsch"
"8.1",259127,"Drama, Music, Romance","La leggenda del pianista sull'oceano","Giuseppe Tornatore"
"8.1",300000,"Comedy, Drama, Romance","Dil Chahta Hai","Farhan Akhtar"
"8.1",309811,"Crime, Drama","La haine","Mathieu Kassovitz"
"8.1",348660,"Comedy, Crime, Romance","Crna macka, beli macor","Emir Kusturica"
"8.1",449191,"Film-Noir, Mystery, Thriller","The Third Man","Carol Reed"
"8.1",495770,"Animation, Adventure, Fantasy","Kaze no tani no Naushika","Hayao Miyazaki"
"8.1",539540,"Drama, Romance","Sunrise: A Song of Two Humans","F.W. Murnau"
"8.1",600200,"Comedy, Crime, Drama","Chung Hing sam lam","Kar-Wai Wong"
"8.1",752045,"Drama","Le notti di Cabiria","Federico Fellini"
"8.1",857524,"Animation, Adventure, Drama","Song of the Sea","Tomm Moore"
"8.1",901610,"Action, Crime, Drama","Haider","Vishal Bhardwaj"
"8.1",923221,"Comedy, Drama, Fantasy","OMG: Oh My God!","Umesh Shukla"
"8.1",1033895,"Action, Adventure, Comedy","The General","Clyde Bruckman"
"8.1",1035953,"Mystery, Thriller","Kahaani","Sujoy Ghosh"
"8.1",1111061,"Action, Drama, War","Taegukgi hwinalrimyeo","Je-kyu Kang"
"8.1",1241223,"Drama, Thriller","Pink","Aniruddha Roy Chowdhury"
"8.1",1498210,"Drama, Music","Okuribito","Yôjirô Takita"
"8.1",1526000,"Drama","Jungfrukällan","Ingmar Bergman"
"8.1",1742348,"Drama","Viskningar och rop","Ingmar Bergman"
"8.1",2006788,"Drama, Romance, Thriller","Ah-ga-ssi","Chan-wook Park"
"8.1",2181987,"Drama","Paris, Texas","Wim Wenders"
"8.1",2217561,"Comedy, Drama, Romance","Lage Raho Munna Bhai","Rajkumar Hirani"
"8.1",2603061,"Drama, History, Romance","Dà hóng denglong gaogao guà","Yimou Zhang"
"8.1",2734044,"Drama, Romance","Fa yeung nin wah","Kar-Wai Wong"
"8.1",2804874,"Comedy, Drama, Romance","Barfi!","Anurag Basu"
"8.1",3107072,"Comedy, Drama, Thriller","Relatos salvajes","Damián Szifron"
"8.1",3108485,"Comedy, Drama","Zindagi Na Milegi Dobara","Zoya Akhtar"
"8.1",3492754,"Drama","Mommy","Xavier Dolan"
"8.1",3759854,"Drama, Romance","Portrait de la jeune fille en feu","Céline Sciamma"
"8.1",3969893,"Drama, Film-Noir","Ace in the Hole","Billy Wilder"
"8.1",4043686,"Drama, Mystery, Romance","Trois couleurs: Rouge","Krzysztof Kieslowski"
"8.1",4050000,"Drama, Horror, Thriller","What Ever Happened to Baby Jane?","Robert Aldrich"
"8.1",4360000,"Comedy, Romance","It Happened One Night","Frank Capra"
"8.1",4360000,"Drama, Mystery, Romance","Rebecca","Alfred Hitchcock"
"8.1",4971340,"Drama","Fanny och Alexander","Ingmar Bergman"
"8.1",5216888,"Drama, Music, Romance","Ba wang bie ji","Kaige Chen"
"8.1",5383834,"Drama, Thriller","Amores perros","Alejandro G. Iñárritu"
"8.1",5535405,"Drama, Romance","Before Sunrise","Richard Linklater"
"8.1",5820649,"Drama, Romance","Before Sunset","Richard Linklater"
"8.1",9600000,"Comedy, Drama","Mr. Smith Goes to Washington","Frank Capra"
"8.1",9600000,"Crime, Drama, Thriller","On the Waterfront","Elia Kazan"
"8.1",10616104,"Comedy, Drama, Musical","PK","Rajkumar Hirani"
"8.1",10900000,"Drama, Music, Romance","The Red Shoes","Michael Powell"
"8.1",13782838,"Horror, Mystery, Sci-Fi","The Thing","John Carpenter"
"8.1",14677674,"Drama, Thriller","Room","Lenny Abrahamson"
"8.1",16217773,"Crime, Drama","Cool Hand Luke","Stuart Rosenberg"
"8.1",16501785,"Drama","Trainspotting","Danny Boyle"
"8.1",17498804,"Comedy, Crime, Sport","The Big Lebowski","Joel Coen"
"8.1",18354356,"Adventure, Biography, Drama","Into the Wild","Sean Penn"
"8.1",20045115,"Comedy","Life of Brian","Terry Jones"
"8.1",22244207,"Drama, Fantasy, Music","Pink Floyd: The Wall","Alan Parker"
"8.1",23530892,"Biography, Drama, History","Hotel Rwanda","Terry George"
"8.1",24611975,"Crime, Drama, Thriller","Fargo","Joel Coen"
"8.1",25010410,"Biography, Crime, Drama","In the Name of the Father","Jim Sheridan"
"8.1",26947624,"Action, Biography, Drama","Rush","Ron Howard"
"8.1",29000000,"Drama, Mystery, Thriller","Chinatown","Roman Polanski"
"8.1",30933743,"Comedy, Crime, Drama","Paper Moon","Peter Bogdanovich"
"8.1",32868943,"Action, Sci-Fi, Thriller","Blade Runner","Ridley Scott"
"8.1",44908000,"Adventure, Drama, War","The Bridge on the River Kwai","David Lean"
"8.1",45055776,"Biography, Crime, Drama","Spotlight","Tom McCarthy"
"8.1",48979328,"Drama, War","The Deer Hunter","Michael Cimino"
"8.1",52287414,"Adventure, Drama","Stand by Me","Rob Reiner"
"8.1",56671993,"Biography, Drama, History","12 Years a Slave","Steve McQueen"
"8.1",59100318,"Adventure, Comedy, Crime","The Grand Budapest Hotel","Wes Anderson"
"8.1",61002302,"Crime, Drama, Mystery","Prisoners","Denis Villeneuve"
"8.1",67209615,"Biography, Drama, History","Hacksaw Ridge","Mel Gibson"
"8.1",70099045,"Action, Crime, Drama","Kill Bill: Vol. 1","Quentin Tarantino"
"8.1",74283625,"Crime, Drama, Thriller","No Country for Old Men","Ethan Coen"
"8.1",74700000,"Adventure, Drama, History","Ben-Hur","William Wyler"
"8.1",95860116,"Comedy, Drama","Dead Poets Society","Peter Weir"
"8.1",100492203,"Drama, Sport","Million Dollar Baby","Clint Eastwood"
"8.1",117235247,"Drama, Sport","Rocky","John G. Avildsen"
"8.1",117624028,"Action, Biography, Drama","Ford v Ferrari","James Mangold"
"8.1",125618201,"Comedy, Drama","The Truman Show","Peter Weir"
"8.1",138530565,"Drama, War","Platoon","Oliver Stone"
"8.1",148095302,"Drama","Gran Torino","Clint Eastwood"
"8.1",154058340,"Action, Adventure, Sci-Fi","Mad Max: Fury Road","George Miller"
"8.1",164615351,"Biography, Crime, Drama","Catch Me If You Can","Steven Spielberg"
"8.1",167767189,"Drama, Mystery, Thriller","Gone Girl","David Fincher"
"8.1",198676459,"Drama, History, Romance","Gone with the Wind","Victor Fleming"
"8.1",217581231,"Animation, Action, Adventure","How to Train Your Dragon","Dean DeBlois"
"8.1",226277068,"Action, Drama, Sci-Fi","Logan","James Mangold"
"8.1",289916256,"Animation, Adventure, Comedy","Monsters, Inc.","Pete Docter"
"8.1",293506292,"Drama, Mystery, Thriller","The Sixth Sense","M. Night Shyamalan"
"8.1",356461711,"Animation, Adventure, Comedy","Inside Out","Pete Docter"
"8.1",380843261,"Animation, Adventure, Comedy","Finding Nemo","Andrew Stanton"
"8.1",381011219,"Adventure, Drama, Fantasy","Harry Potter and the Deathly Hallows: Part 2","David Yates"
"8.1",402453882,"Action, Adventure, Sci-Fi","Jurassic Park","Steven Spielberg"
"8",3296,"Action, Crime, Comedy","Knockin' on Heaven's Door","Thomas Jahn"
"8",8060,"Action, Crime, Drama","Tropa de Elite","José Padilha"
"8",10950,"Drama, Romance","Dev.D","Anurag Kashyap"
"8",50690,"Drama","8½","Federico Fellini"
"8",50970,"Drama, History, Thriller","Bronenosets Potemkin","Sergei M. Eisenstein"
"8",55000,"Drama, History","The Grapes of Wrath","John Ford"
"8",100119,"Action, Crime, Drama","Tropa de Elite 2: O Inimigo Agora é Outro","José Padilha"
"8",106662,"Drama, Mystery","Darbareye Elly","Asghar Farhadi"
"8",169659,"Action, Crime, Drama","Mou gaan dou","Andrew Lau"
"8",238507,"Crime, Drama, Romance","Bin-jip","Ki-duk Kim"
"8",502028,"Drama","Vozvrashchenie","Andrey Zvyagintsev"
"8",515905,"Animation, Action, Crime","Kôkaku Kidôtai","Mamoru Oshii"
"8",541940,"Drama","Il conformista","Bernardo Bertolucci"
"8",553171,"Animation, Action, Sci-Fi","Akira","Katsuhiro Ôtomo"
"8",654000,"Crime, Drama, Film-Noir","The Night of the Hunter","Charles Laughton"
"8",776665,"Animation, Crime, Mystery","Pâfekuto burû","Satoshi Kon"
"8",1010414,"Drama","Short Term 12","Destin Daniel Cretton"
"8",1079369,"Crime, Drama, Thriller","Special Chabbis","Neeraj Pandey"
"8",1480006,"Drama, Mystery, Sci-Fi","Donnie Darko","Richard Kelly"
"8",1506975,"Animation, Adventure, Drama","Kaguyahime no monogatari","Isao Takahata"
"8",1530386,"Crime, Drama","Dogville","Lars von Trier"
"8",1647780,"Drama","Festen","Thomas Vinterberg"
"8",1787378,"Comedy, Drama, Musical","Kal Ho Naa Ho","Nikkhil Advani"
"8",2076020,"Adventure, Family, Fantasy","The Wizard of Oz","Victor Fleming"
"8",2086345,"Biography, Drama","Mar adentro","Alejandro Amenábar"
"8",2108060,"Film-Noir, Mystery","The Maltese Falcon","John Huston"
"8",2237659,"Crime, Drama, Film-Noir","Touch of Evil","Orson Welles"
"8",2380788,"Drama, Romance","Bom Yeoareum Gaeul Gyeoul Geurigo Bom","Ki-duk Kim"
"8",2625803,"Action, Crime, Thriller","Serbuan maut 2: Berandal","Gareth Evans"
"8",3270000,"Drama, War","All Quiet on the Western Front","Lewis Milestone"
"8",3333969,"Drama, Fantasy, Romance","Der Himmel über Berlin","Wim Wenders"
"8",4018695,"Drama","My Name Is Khan","Karan Johar"
"8",4081254,"Mystery, Thriller","Sleuth","Joseph L. Mankiewicz"
"8",4184036,"Crime, Drama, Musical","Dancer in the Dark","Lars von Trier"
"8",4360000,"Drama, Film-Noir, Mystery","Laura","Otto Preminger"
"8",4445756,"Animation, Biography, Drama","Persepolis","Vincent Paronnaud"
"8",4496583,"Crime, Drama","Bound by Honor","Taylor Hackford"
"8",4542825,"Drama, War","Au revoir les enfants","Louis Malle"
"8",5566534,"Drama, Music, Romance","Gully Boy","Zoya Akhtar"
"8",5595428,"Drama","Central do Brasil","Walter Salles"
"8",5990075,"Biography, Drama","Le scaphandre et le papillon","Julian Schnabel"
"8",6203044,"Biography, Drama","The Straight Story","David Lynch"
"8",6738000,"Action, Drama","Bãhubali: The Beginning","S.S. Rajamouli"
"8",8000000,"Drama","A Streetcar Named Desire","Elia Kazan"
"8",8178001,"Action, Adventure, Comedy","Bajrangi Bhaijaan","Kabir Khan"
"8",8284000,"Drama, Sport","The Hustler","Robert Rossen"
"8",11900000,"Crime, Drama, Mystery","Anatomy of a Murder","Otto Preminger"
"8",12535000,"Action, Drama, Western","Rio Bravo","Howard Hawks"
"8",13417292,"Comedy, Drama","Secrets & Lies","Mike Leigh"
"8",14500000,"Action, Drama, Western","Per un pugno di dollari","Sergio Leone"
"8",17570324,"Drama","Cat on a Hot Tin Roof","Richard Brooks"
"8",17738570,"Drama, Romance","The Perks of Being a Wallflower","Stephen Chbosky"
"8",19516000,"Comedy, Drama","La dolce vita","Federico Fellini"
"8",22455976,"Drama","Magnolia","Paul Thomas Anderson"
"8",23159305,"Animation, Action, Adventure","The Iron Giant","Brad Bird"
"8",23650000,"Drama, Romance, War","The Best Years of Our Lives","William Wyler"
"8",24475416,"Drama","Sling Blade","Billy Bob Thornton"
"8",25568251,"Drama, Romance, Sci-Fi","Her","Spike Jonze"
"8",27298285,"Biography, Drama","Dallas Buyers Club","Jean-Marc Vallée"
"8",27545445,"Comedy, Drama","Do the Right Thing","Spike Lee"
"8",29133000,"Drama, Romance","The Last Picture Show","Peter Bogdanovich"
"8",30177511,"Comedy, Drama","Being There","Hal Ashby"
"8",30857814,"Adventure, Family, Fantasy","The Princess Bride","Rob Reiner"
"8",33395426,"Adventure, Sci-Fi","Planet of the Apes","Franklin J. Schaffner"
"8",38400000,"Action, Sci-Fi","The Terminator","James Cameron"
"8",39200000,"Comedy, Romance","Annie Hall","Woody Allen"
"8",50000000,"Biography, Crime, Drama","Dog Day Afternoon","Sidney Lumet"
"8",51739495,"Biography, Drama","Lion","Garth Davis"
"8",52767889,"Biography, Drama, History","Gandhi","Richard Attenborough"
"8",53267000,"Biography, Crime, Drama","Papillon","Franklin J. Schaffner"
"8",57141459,"Mystery, Sci-Fi, Thriller","Twelve Monkeys","Terry Gilliam"
"8",57366262,"Adventure, Drama, Thriller","Blood Diamond","Edward Zwick"
"8",61649911,"Biography, Drama, History","Cinderella Man","Ron Howard"
"8",63895607,"Drama","Scent of a Woman","Martin Brest"
"8",66208183,"Action, Crime, Thriller","Kill Bill: Vol. 2","Quentin Tarantino"
"8",66257002,"Adventure, Drama, Fantasy","Big Fish","Tim Burton"
"8",70405498,"Drama, History, Thriller","JFK","Oliver Stone"
"8",70906973,"Comedy, Fantasy, Romance","Groundhog Day","Harold Ramis"
"8",74103820,"Crime, Thriller","Sin City","Frank Miller"
"8",75082668,"Animation, Family, Fantasy","The Nightmare Before Christmas","Henry Selick"
"8",80500000,"Drama, Family, Musical","Fiddler on the Roof","Norman Jewison"
"8",86300000,"Comedy","Young Frankenstein","Mel Brooks"
"8",91125683,"Biography, Drama, Thriller","The Imitation Game","Morten Tyldum"
"8",92054159,"Action, Drama, Mystery","Blade Runner 2049","Denis Villeneuve"
"8",102308889,"Biography, Crime, Drama","Butch Cassidy and the Sundance Kid","George Roy Hill"
"8",104945305,"Comedy, Drama, Romance","The Graduate","Mike Nichols"
"8",106954678,"Drama, Thriller","Black Swan","Darren Aronofsky"
"8",111722000,"Drama, Romance, War","Doctor Zhivago","David Lean"
"8",132422809,"Drama, Family","Wonder","Stephen Chbosky"
"8",138797449,"Biography, Drama, History","The King's Speech","Tom Hooper"
"8",141319928,"Drama, Romance","Slumdog Millionaire","Danny Boyle"
"8",151101803,"Comedy, Drama, Music","La La Land","Damien Chazelle"
"8",163214286,"Biography, Drama, Family","The Sound of Music","Robert Wise"
"8",163566459,"Biography, Drama","The Pursuit of Happyness","Gabriele Muccino"
"8",167445960,"Action, Adventure, Thriller","Casino Royale","Martin Campbell"
"8",169708112,"Drama","The Help","Tate Taylor"
"8",178800000,"Drama","Rain Man","Barry Levinson"
"8",183637894,"Action, Adventure, Drama","The Revenant","Alejandro G. Iñárritu"
"8",184208848,"Adventure, Drama, Western","Dances with Wolves","Kevin Costner"
"8",206445654,"Animation, Adventure, Comedy","Ratatouille","Brad Bird"
"8",216428042,"Biography, Drama, Music","Bohemian Rhapsody","Bryan Singer"
"8",217350219,"Animation, Adventure, Comedy","Aladdin","Ron Clements"
"8",218967620,"Animation, Family, Fantasy","Beauty and the Beast","Gary Trousdale"
"8",227471070,"Action, Mystery, Thriller","The Bourne Ultimatum","Paul Greengrass"
"8",228433663,"Adventure, Drama, Sci-Fi","The Martian","Ridley Scott"
"8",232906145,"Horror","The Exorcist","William Friedkin"
"8",260000000,"Adventure, Thriller","Jaws","Steven Spielberg"
"8",261441092,"Animation, Action, Adventure","The Incredibles","Brad Bird"
"8",305413918,"Action, Adventure, Fantasy","Pirates of the Caribbean: The Curse of the Black Pearl","Gore Verbinski"
"8",333176600,"Action, Adventure, Comedy","Guardians of the Galaxy","James Gunn"
"8",341268248,"Animation, Adventure, Comedy","Zootopia","Byron Howard"
"8",363070709,"Action, Adventure, Comedy","Deadpool","Tim Miller"
"8",623279547,"Action, Adventure, Sci-Fi","The Avengers","Joss Whedon"
"7.9",61001,"Adventure, Drama, Fantasy","La montaña sagrada","Alejandro Jodorowsky"
"7.9",88300,"Drama, Romance","Hiroshima mon amour","Alain Resnais"
"7.9",89029,"Horror, Thriller","Night of the Living Dead","George A. Romero"
"7.9",138730,"Crime, Drama","Bir Zamanlar Anadolu'da","Nuri Bilge Ceylan"
"7.9",188751,"Comedy, Music","This Is Spinal Tap","Rob Reiner"
"7.9",198809,"Comedy","Le charme discret de la bourgeoisie","Luis Buñuel"
"7.9",258168,"Drama","I, Daniel Blake","Ken Loach"
"7.9",296000,"Comedy, Drama, Romance","His Girl Friday","Howard Hawks"
"7.9",349555,"Comedy, Drama, War","Jojo Rabbit","Taika Waititi"
"7.9",410800,"Comedy, Drama, Romance","Jab We Met","Imtiaz Ali"
"7.9",1000045,"Animation, Action, Crime","Cowboy Bebop: Tengoku no tobira","Shin'ichirô Watanabe"
"7.9",1059830,"Comedy, Drama, War","No Man's Land","Danis Tanovic"
"7.9",1185783,"Drama","4 luni, 3 saptamâni si 2 zile","Cristian Mungiu"
"7.9",1221261,"Crime, Drama, Thriller","Nueve reinas","Fabián Bielinsky"
"7.9",1324974,"Drama, Music, Mystery","Trois couleurs: Bleu","Krzysztof Kieslowski"
"7.9",2000000,"Comedy, Drama, Romance","Marriage Story","Noah Baumbach"
"7.9",2084637,"Crime, Drama","Un prophète","Jacques Audiard"
"7.9",2122065,"Crime, Drama, Fantasy","Låt den rätte komma in","Tomas Alfredson"
"7.9",2201126,"Crime, Drama","Once Were Warriors","Lee Tamahori"
"7.9",2280348,"Adventure, Drama, Fantasy","The Fall","Tarsem Singh"
"7.9",2537520,"Comedy, Music, Musical","A Night at the Opera","Sam Wood"
"7.9",2650000,"Comedy, Drama, Family","Miracle on 34th Street","George Seaton"
"7.9",3237118,"Comedy, Drama, Music","Sing Street","John Carney"
"7.9",3313513,"Crime, Drama","Manbiki kazoku","Hirokazu Koreeda"
"7.9",3635164,"Drama, Music","Les choristes","Christophe Barratier"
"7.9",3981000,"Action, Adventure, Romance","The Adventures of Robin Hood","Michael Curtiz"
"7.9",5009677,"Drama, Mystery, Sci-Fi","Moon","Duncan Jones"
"7.9",5100000,"Action, Adventure, Horror","Dawn of the Dead","George A. Romero"
"7.9",5202582,"Adventure, Comedy, Drama","Hunt for the Wilderpeople","Taika Waititi"
"7.9",5875006,"Comedy, Drama","Captain Fantastic","Matt Ross"
"7.9",6540000,"Crime, Film-Noir, Mystery","The Big Sleep","Howard Hawks"
"7.9",6739492,"Drama, Romance","Amour","Michael Haneke"
"7.9",7000000,"Biography, Crime, Drama","The Irishman","Martin Scorsese"
"7.9",7220243,"Drama, Mystery, Thriller","Mulholland Dr.","David Lynch"
"7.9",7630000,"Crime, Film-Noir, Thriller","Strangers on a Train","Alfred Hitchcock"
"7.9",7757130,"Comedy, Crime, Drama","In Bruges","Martin McDonagh"
"7.9",8114627,"Drama, Romance","Before Midnight","Richard Linklater"
"7.9",9284265,"Drama, Mystery, Romance","Hable con ella","Pedro Almodóvar"
"7.9",9450000,"Drama, Thriller, Western","High Noon","Fred Zinnemann"
"7.9",9460000,"Drama, Film-Noir","The Lost Weekend","Billy Wilder"
"7.9",9929135,"Drama, Sci-Fi","Brazil","Terry Gilliam"
"7.9",10000000,"Adventure, Horror, Sci-Fi","King Kong","Merian C. Cooper"
"7.9",10464000,"Drama, Film-Noir, Romance","Notorious","Alfred Hitchcock"
"7.9",12064472,"Action, Adventure, Western","The Wild Bunch","Sam Peckinpah"
"7.9",12281500,"Crime, Drama, Romance","True Romance","Tony Scott"
"7.9",13474588,"Comedy, Mystery, Romance","Charade","Stanley Donen"
"7.9",13542874,"Comedy, Horror","Shaun of the Dead","Edgar Wright"
"7.9",13756082,"Action, Adventure, Drama","Letters from Iwo Jima","Clint Eastwood"
"7.9",14743391,"Biography, Drama","My Left Foot: The Story of Christy Brown","Jim Sheridan"
"7.9",18095701,"Drama, Romance","Call Me by Your Name","Luca Guadagnino"
"7.9",18254702,"Comedy, Drama","Crimes and Misdemeanors","Woody Allen"
"7.9",20605209,"Comedy, Family","A Christmas Story","Bob Clark"
"7.9",21002919,"Animation, Adventure, Comedy","Fantastic Mr. Fox","Wes Anderson"
"7.9",22276975,"Biography, Drama, History","The Lion in Winter","Anthony Harvey"
"7.9",24379978,"Crime, Drama, Mystery","In the Heat of the Night","Norman Jewison"
"7.9",25379975,"Drama","Boyhood","Richard Linklater"
"7.9",26236603,"Drama, Sport","The Wrestler","Darren Aronofsky"
"7.9",26400640,"Drama","Boogie Nights","Paul Thomas Anderson"
"7.9",30000000,"Adventure, Biography, Drama","Spartacus","Stanley Kubrick"
"7.9",32015231,"Animation, Adventure, Comedy","Isle of Dogs","Wes Anderson"
"7.9",32381218,"Crime, Drama, Thriller","Nightcrawler","Dan Gilroy"
"7.9",32534850,"Adventure, Comedy, Drama","Almost Famous","Cameron Crowe"
"7.9",35552383,"Adventure, Drama, Sci-Fi","Children of Men","Alfonso Cuarón"
"7.9",36948322,"Crime, Drama, Thriller","Carlito's Way","Brian De Palma"
"7.9",37823676,"Drama, Music, Musical","All That Jazz","Bob Fosse"
"7.9",40084041,"Comedy, Drama","Hannah and Her Sisters","Woody Allen"
"7.9",44671682,"Comedy, Drama, Romance","The Artist","Michel Hazanavicius"
"7.9",45700000,"Comedy, Drama, Romance","Manhattan","Woody Allen"
"7.9",53710019,"Action, Adventure, History","Ying xiong","Yimou Zhang"
"7.9",56362352,"Drama, Fantasy, Romance","Edward Scissorhands","Tim Burton"
"7.9",57229890,"Action, Adventure, Comedy","The Blues Brothers","John Landis"
"7.9",61700000,"Biography, Drama, War","Patton","Franklin J. Schaffner"
"7.9",70600000,"Biography, Drama, History","All the President's Men","Alan J. Pakula"
"7.9",76270454,"Crime, Drama, Thriller","The Untouchables","Brian De Palma"
"7.9",90135191,"Crime, Drama, Mystery","Mystic River","Clint Eastwood"
"7.9",93740000,"Adventure, Drama","The Ten Commandments","Cecil B. DeMille"
"7.9",100206256,"Action, Adventure, Sci-Fi","Edge of Tomorrow","Doug Liman"
"7.9",100546139,"Drama, Sci-Fi","Arrival","Denis Villeneuve"
"7.9",115646235,"Action, Sci-Fi, Thriller","District 9","Neill Blomkamp"
"7.9",121661683,"Action, Mystery, Thriller","The Bourne Identity","Doug Liman"
"7.9",124987023,"Adventure, Drama, Fantasy","Life of Pi","Ang Lee"
"7.9",165359751,"Comedy, Crime, Drama","Knives Out","Rian Johnson"
"7.9",233921534,"Action, Adventure, Sci-Fi","X-Men: Days of Future Past","Bryan Singer"
"7.9",245852179,"Animation, Adventure, Comedy","Toy Story 2","John Lasseter"
"7.9",249358727,"Adventure, Family, Fantasy","Harry Potter and the Prisoner of Azkaban","Alfonso Cuarón"
"7.9",257730019,"Action, Adventure, Sci-Fi","Star Trek","J.J. Abrams"
"7.9",315058289,"Action, Adventure, Comedy","Thor: Ragnarok","Taika Waititi"
"7.9",318412101,"Action, Adventure, Sci-Fi","Iron Man","Jon Favreau"
"7.9",936662225,"Action, Adventure, Sci-Fi","Star Wars: Episode VII - The Force Awakens","J.J. Abrams"
"7.8",1305,"Comedy, Crime, Drama","Adams æbler","Anders Thomas Jensen"
"7.8",3600,"Drama, Fantasy, Romance","Mr. Nobody","Jaco Van Dormael"
"7.8",6460,"Action, Crime, Drama","Ajeossi","Jeong-beom Lee"
"7.8",15280,"Drama","Ondskan","Mikael Håfström"
"7.8",25812,"Action, Crime, Thriller","The Boondock Saints","Troy Duffy"
"7.8",85433,"Crime, Drama, Mystery","La migliore offerta","Giuseppe Tornatore"
"7.8",128392,"Action, Crime, Drama","Ang-ma-reul bo-at-da","Jee-woon Kim"
"7.8",128985,"Animation, Adventure, Comedy","Tôkyô goddofâzâzu","Satoshi Kon"
"7.8",169209,"Comedy, Romance","Vicky Donor","Shoojit Sircar"
"7.8",181655,"Crime, Drama","Lilja 4-ever","Lukas Moodysson"
"7.8",193817,"Animation, Sci-Fi","La planète sauvage","René Laloux"
"7.8",233986,"Crime, Drama, Romance","Hana-bi","Takeshi Kitano"
"7.8",336705,"Crime, Drama","À bout de souffle","Jean-Luc Godard"
"7.8",435266,"Drama, History, War","Under sandet","Martin Zandvliet"
"7.8",547292,"Crime, Drama, Mystery","Madeo","Bong Joon Ho"
"7.8",741283,"Drama","Auf der anderen Seite","Fatih Akin"
"7.8",1330596,"Drama, Mystery","Le passé","Asghar Farhadi"
"7.8",1436000,"Comedy, Crime, Drama","Down by Law","Jim Jarmusch"
"7.8",1670773,"Comedy, Drama, Family","English Vinglish","Gauri Shinde"
"7.8",1769305,"Comedy, Drama","Naked","Mike Leigh"
"7.8",1782795,"Biography, Drama, Sport","M.S. Dhoni: The Untold Story","Neeraj Pandey"
"7.8",1999955,"Drama, Fantasy, Music","La double vie de Véronique","Krzysztof Kieslowski"
"7.8",2015810,"Comedy, Drama","Night on Earth","Jim Jarmusch"
"7.8",2222647,"Drama, History, Mystery","Das weiße Band - Eine deutsche Kindergeschichte","Michael Haneke"
"7.8",2402067,"Drama","Forushande","Asghar Farhadi"
"7.8",2500000,"Comedy, Crime, Drama","The King of Comedy","Martin Scorsese"
"7.8",2616000,"Horror","The Innocents","Jack Clayton"
"7.8",2852400,"Drama","La grande bellezza","Paolo Sorrentino"
"7.8",2892011,"Animation, Drama, Fantasy","Waking Life","Richard Linklater"
"7.8",2921738,"Drama, Family, Musical","Veer-Zaara","Yash Chopra"
"7.8",4000000,"Family, Fantasy, Musical","Willy Wonka & the Chocolate Factory","Mel Stuart"
"7.8",4040691,"Drama","Breaking the Waves","Lars von Trier"
"7.8",4231500,"Drama, Romance","The Lunchbox","Ritesh Batra"
"7.8",4360000,"Drama, Horror, Sci-Fi","Bride of Frankenstein","James Whale"
"7.8",4420000,"Drama, Mystery, Thriller","The Conversation","Francis Ford Coppola"
"7.8",5128124,"Biography, Drama, Sport","The World's Fastest Indian","Roger Donaldson"
"7.8",5209580,"Animation, Biography, Drama","Kaze tachinu","Hayao Miyazaki"
"7.8",5617391,"Animation, Action, Crime","Batman: Mask of the Phantasm","Kevin Altieri"
"7.8",5887457,"Biography, Comedy, Drama","Ed Wood","Tim Burton"
"7.8",5923044,"Action, Comedy, Fantasy","Evil Dead II","Sam Raimi"
"7.8",6735118,"Animation, Biography, Crime","Loving Vincent","Dorota Kobiela"
"7.8",7002255,"Animation, Comedy, Drama","Les triplettes de Belleville","Sylvain Chomet"
"7.8",8264530,"Drama","Todo sobre mi madre","Pedro Almodóvar"
"7.8",9030581,"Drama, History, War","The Boy in the Striped Pyjamas","Mark Herman"
"7.8",9170214,"Drama","What's Eating Gilbert Grape","Lasse Hallström"
"7.8",9439923,"Drama, Music, Romance","Once","John Carney"
"7.8",10095170,"Crime, Drama, Mystery","Män som hatar kvinnor","Niels Arden Oplev"
"7.8",12339633,"Drama, Sci-Fi, Thriller","Gattaca","Andrew Niccol"
"7.8",15322921,"Comedy, Drama, Fantasy","About Time","Richard Curtis"
"7.8",16056255,"Crime, Drama, Thriller","The Day of the Jackal","Fred Zinnemann"
"7.8",16756372,"Adventure, Biography, Drama","Diarios de motocicleta","Walter Salles"
"7.8",17266971,"Crime, Drama, Romance","A Bronx Tale","Robert De Niro"
"7.8",17550741,"Thriller","Wait Until Dark","Terence Young"
"7.8",21500000,"Adventure, Biography, Drama","The Right Stuff","Philip Kaufman"
"7.8",22954968,"Drama, Romance","The Remains of the Day","James Ivory"
"7.8",23637265,"Action, Comedy, Mystery","Hot Fuzz","Edgar Wright"
"7.8",25514517,"Action, Adventure, Sci-Fi","Serenity","Joss Whedon"
"7.8",26830000,"Biography, Drama, History","Glory","Edward Zwick"
"7.8",28965197,"Biography, Drama, Thriller","The Insider","Michael Mann"
"7.8",31800000,"Western","The Outlaw Josey Wales","Clint Eastwood"
"7.8",32416586,"Comedy, Drama, Family","The Sandlot","David Mickey Evans"
"7.8",32481825,"Biography, Drama, Family","October Sky","Joe Johnston"
"7.8",34603943,"Crime, Drama, History","Mississippi Burning","Alan Parker"
"7.8",34700291,"Biography, Drama, History","The Killing Fields","Roland Joffé"
"7.8",35061555,"Crime, Drama","Drive","Nicolas Winding Refn"
"7.8",38405088,"Drama, Romance","Pride & Prejudice","Joe Wright"
"7.8",39100000,"Action, Drama, History","The Longest Day","Ken Annakin"
"7.8",40442052,"Adventure, Comedy, Family","Paddington 2","Paul King"
"7.8",42765000,"Drama, Music, Musical","Cabaret","Bob Fosse"
"7.8",44785053,"Drama","Midnight Cowboy","John Schlesinger"
"7.8",45512466,"Comedy, Drama, Romance","Moonrise Kingdom","Wes Anderson"
"7.8",45875171,"Comedy, Drama","The Breakfast Club","John Hughes"
"7.8",47695120,"Drama","Manchester by the Sea","Kenneth Lonergan"
"7.8",48023088,"Animation, Action, Adventure","Kubo and the Two Strings","Travis Knight"
"7.8",48323648,"Action, Drama, Mystery","The Game","David Fincher"
"7.8",50866635,"Action, Adventure, Drama","Apocalypto","Mel Gibson"
"7.8",50927067,"Drama, Mystery, Romance","Atonement","Joe Wright"
"7.8",52096475,"Biography, Drama","Awakenings","Penny Marshall"
"7.8",54117416,"Crime, Drama, Mystery","The Hateful Eight","Quentin Tarantino"
"7.8",54234062,"Action, Adventure, Drama","The Count of Monte Cristo","Kevin Reynolds"
"7.8",56505065,"Action, Biography, Drama","Tombstone","George P. Cosmatos"
"7.8",56700000,"Comedy, Drama","Guess Who's Coming to Dinner","Stanley Kramer"
"7.8",57504069,"Crime, Drama","Boyz n the Hood","John Singleton"
"7.8",59735548,"Action, Adventure, Sci-Fi","Predator","John McTiernan"
"7.8",59891098,"Comedy, Drama","Little Miss Sunshine","Jonathan Dayton"
"7.8",61276872,"Drama, Thriller","Misery","Rob Reiner"
"7.8",61503218,"Adventure, Comedy, Family","The Goonies","Richard Donner"
"7.8",70136369,"Comedy","Ferris Bueller's Day Off","John Hughes"
"7.8",70259870,"Biography, Comedy, Drama","The Big Short","Adam McKay"
"7.8",72000000,"Drama, Family, Musical","My Fair Lady","George Cukor"
"7.8",81001787,"Drama, Romance","The Notebook","Nick Cassavetes"
"7.8",93617009,"Biography, Drama, Sport","The Fighter","David O. Russell"
"7.8",98467863,"Drama","The Color Purple","Steven Spielberg"
"7.8",102272727,"Comedy, Family, Fantasy","Mary Poppins","Robert Stevenson"
"7.8",102515793,"Crime, Drama, Mystery","The Girl with the Dragon Tattoo","David Fincher"
"7.8",106260000,"Drama","Kramer vs. Kramer","Robert Benton"
"7.8",107100855,"Adventure, Biography, Crime","Captain Phillips","Paul Greengrass"
"7.8",108101214,"Drama, Romance","Little Women","Greta Gerwig"
"7.8",115654751,"Biography, Drama, Sport","Remember the Titans","Boaz Yakin"
"7.8",118500000,"Adventure, Comedy, Sci-Fi","Back to the Future Part II","Robert Zemeckis"
"7.8",119519402,"Biography, Drama, Music","Walk the Line","James Mangold"
"7.8",127509326,"Drama, Fantasy, Romance","The Curious Case of Benjamin Button","David Fincher"
"7.8",128078872,"Action, Adventure, Fantasy","Wo hu cang long","Ang Lee"
"7.8",130164645,"Biography, Crime, Drama","American Gangster","Ridley Scott"
"7.8",145000989,"Action, Thriller","Taken","Pierre Morel"
"7.8",161197785,"Biography, Drama, History","Straight Outta Compton","F. Gary Gray"
"7.8",169607287,"Biography, Drama, History","Hidden Figures","Theodore Melfi"
"7.8",177002924,"Animation, Action, Adventure","How to Train Your Dragon 2","Dean DeBlois"
"7.8",183875760,"Action, Crime, Drama","The Fugitive","Andrew Davis"
"7.8",188373161,"Action, Drama, History","Dunkirk","Christopher Nolan"
"7.8",222527828,"Animation, Action, Adventure","Big Hero 6","Don Hall"
"7.8",233632142,"Adventure, Drama, Romance","Cast Away","Robert Zemeckis"
"7.8",238632124,"Action, Comedy, Fantasy","Ghostbusters","Ivan Reitman"
"7.8",258366855,"Adventure, Fantasy","The Hobbit: The Desolation of Smaug","Peter Jackson"
"7.8",267665011,"Animation, Adventure, Comedy","Shrek","Andrew Adamson"
"7.8",303003568,"Adventure, Fantasy","The Hobbit: An Unexpected Journey","Peter Jackson"
"7.8",408084349,"Action, Adventure, Sci-Fi","Captain America: Civil War","Anthony Russo"
"7.8",434038008,"Animation, Adventure, Comedy","Toy Story 4","Josh Cooley"
"7.8",435110554,"Family, Sci-Fi","E.T. the Extra-Terrestrial","Steven Spielberg"
"7.8",532177324,"Action, Adventure, Sci-Fi","Rogue One","Gareth Edwards"
"7.8",659325379,"Drama, Romance","Titanic","James Cameron"
"7.8",760507625,"Action, Adventure, Fantasy","Avatar","James Cameron"
"7.7",26331,"Drama, Romance","Belle de jour","Luis Buñuel"
"7.7",52709,"Drama, Horror","Les yeux sans visage","Georges Franju"
"7.7",71177,"Drama","Detachment","Tony Kaye"
"7.7",83861,"Drama, War","Beasts of No Nation","Cary Joji Fukunaga"
"7.7",83957,"Drama, Horror, Thriller","Peeping Tom","Michael Powell"
"7.7",141072,"Drama, Thriller","Das Experiment","Oliver Hirschbiegel"
"7.7",151086,"Animation, Action, Fantasy","Vampire Hunter D: Bloodlust","Yoshiaki Kawajiri"
"7.7",175058,"Drama, Music, Romance","The Broken Circle Breakdown","Felix van Groeningen"
"7.7",327919,"Crime, Drama","This Is England","Shane Meadows"
"7.7",335609,"Drama, Romance","God's Own Country","Francis Lee"
"7.7",368234,"Drama, Mystery, Sci-Fi","Abre los ojos","Alejandro Amenábar"
"7.7",412544,"Drama","Efter brylluppet","Susanne Bier"
"7.7",536118,"Adventure, Drama, Romance","The African Queen","John Huston"
"7.7",765127,"Animation, Drama, Family","Omoide no Mânî","James Simone"
"7.7",871577,"Biography, Drama, Music","Control","Anton Corbijn"
"7.7",881302,"Animation, Drama, Fantasy","Papurika","Satoshi Kon"
"7.7",985912,"Drama, Music, Musical","Rockstar","Imtiaz Ali"
"7.7",1054361,"Drama, History, Music","Joyeux Noël","Christian Carion"
"7.7",1082715,"Drama, Thriller","The Machinist","Brad Anderson"
"7.7",1122527,"Drama, Sport","Kai po che!","Abhishek Kapoor"
"7.7",1339152,"Animation, Adventure, Drama","Le Petit Prince","Mark Osborne"
"7.7",1544889,"Comedy, Drama","Withnail & I","Bruce Robinson"
"7.7",1752214,"Comedy, Drama, Romance","Flipped","Rob Reiner"
"7.7",1924733,"Drama, Thriller","Le locataire","Roman Polanski"
"7.7",2199675,"Drama, Romance","La vie d'Adèle","Abdellatif Kechiche"
"7.7",2807390,"Comedy, Drama","Happiness","Todd Solondz"
"7.7",3029081,"Comedy, Drama, Music","Hedwig and the Angry Inch","John Cameron Mitchell"
"7.7",3151130,"Comedy","Clerks","Kevin Smith"
"7.7",3333000,"Comedy, Horror","What We Do in the Shadows","Jemaine Clement"
"7.7",3358518,"Comedy, Drama, Romance","En man som heter Ove","Hannes Holm"
"7.7",4064200,"Comedy, Drama, Romance","Good Bye Lenin!","Wolfgang Becker"
"7.7",4065116,"Comedy","Le dîner de cons","Francis Veber"
"7.7",4398392,"Drama, Thriller, War","Zwartboek","Paul Verhoeven"
"7.7",4414535,"Drama","Hamlet","Kenneth Branagh"
"7.7",4890878,"Drama","The Magdalene Sisters","Peter Mullan"
"7.7",4905000,"Action, Adventure, Western","The Magnificent Seven","John Sturges"
"7.7",5080409,"Crime, Drama, Thriller","Miller's Crossing","Joel Coen"
"7.7",6110979,"Comedy, Drama","Short Cuts","Robert Altman"
"7.7",6153939,"Comedy, Drama, Thriller","Barton Fink","Joel Coen"
"7.7",6743776,"Comedy, Drama","Me and Earl and the Dying Girl","Alfonso Gomez-Rejon"
"7.7",7056013,"Adventure, Drama, Thriller","Deliverance","John Boorman"
"7.7",7153487,"Crime, Drama, Mystery","Der Name der Rose","Jean-Jacques Annaud"
"7.7",8551228,"Drama, Mystery, Thriller","Blue Velvet","David Lynch"
"7.7",10019307,"Drama, Family, Fantasy","A Little Princess","Alfonso Cuarón"
"7.7",10550000,"Comedy, Drama, Romance","The Quiet Man","John Ford"
"7.7",10600000,"Comedy, Crime, Drama","After Hours","Martin Scorsese"
"7.7",10631333,"Comedy, Fantasy, Romance","The Purple Rose of Cairo","Woody Allen"
"7.7",10725228,"Crime, Drama, Mystery","Glengarry Glen Ross","James Foley"
"7.7",10824921,"Comedy","Office Space","Mike Judge"
"7.7",11403529,"Drama, Horror, Mystery","The Birds","Alfred Hitchcock"
"7.7",11798616,"Comedy","Zelig","Woody Allen"
"7.7",15090400,"Animation, Adventure, Comedy","Gake no ue no Ponyo","Hayao Miyazaki"
"7.7",15539266,"Drama","In America","Jim Sheridan"
"7.7",15630710,"Action, Crime, Drama","The French Connection","William Friedkin"
"7.7",17105219,"Comedy, Drama, Romance","Rushmore","Wes Anderson"
"7.7",17108591,"Action, Comedy, Fantasy","Kung fu","Stephen Chow"
"7.7",17605861,"Biography, Drama, History","The Last King of Scotland","Kevin Macdonald"
"7.7",17654912,"Adventure, Comedy, Drama","Nebraska","Alexander Payne"
"7.7",18593156,"Biography, Drama, History","Frost/Nixon","Ron Howard"
"7.7",21848932,"Biography, Comedy, Drama","Il postino","Michael Radford"
"7.7",21995263,"Drama, Music","Billy Elliot","Stephen Daldry"
"7.7",22238696,"Action, Drama, History","Empire of the Sun","Steven Spielberg"
"7.7",22245861,"Comedy, Drama","Adaptation.","Spike Jonze"
"7.7",22494487,"Action, Crime, Drama","Lucky Number Slevin","Paul McGuigan"
"7.7",22858926,"Comedy, Drama, Fantasy","Being John Malkovich","Spike Jonze"
"7.7",25000000,"Action, Crime, Drama","Enter the Dragon","Robert Clouse"
"7.7",25442958,"Drama, Sci-Fi, Thriller","Ex Machina","Alex Garland"
"7.7",27281507,"Comedy, Drama, Family","The Muppet Christmas Carol","Brian Henson"
"7.7",28350000,"Biography, Drama, History","A Man for All Seasons","Fred Zinnemann"
"7.7",29800000,"Biography, Crime, Drama","Serpico","Sidney Lumet"
"7.7",32391374,"Comedy, Drama, Romance","(500) Days of Summer","Marc Webb"
"7.7",33080084,"Crime, Drama, Mystery","Zodiac","David Fincher"
"7.7",33800859,"Crime, Drama, Mystery","Wind River","Taylor Sheridan"
"7.7",35739802,"Biography, Crime, Drama","Changeling","Clint Eastwood"
"7.7",35811509,"Biography, Drama, Music","Shine","Scott Hicks"
"7.7",35893537,"Biography, Drama, Romance","The Theory of Everything","James Marsh"
"7.7",35900000,"Action, Crime, Thriller","Dirty Harry","Don Siegel"
"7.7",40311852,"Drama","I Am Sam","Jessie Nelson"
"7.7",41909762,"Biography, Crime, Drama","Donnie Brasco","Mike Newell"
"7.7",42340598,"Comedy, Drama","Birdman or (The Unexpected Virtue of Ignorance)","Alejandro G. Iñárritu"
"7.7",43984230,"Biography, Drama, History","The Last Emperor","Bernardo Bertolucci"
"7.7",44527234,"Comedy","The Odd Couple","Gene Saks"
"7.7",44585453,"Comedy, Drama","Lost in Translation","Sofia Coppola"
"7.7",45300000,"Action, Adventure, War","The Dirty Dozen","Robert Aldrich"
"7.7",45512588,"Adventure, Comedy, Crime","O Brother, Where Art Thou?","Joel Coen"
"7.7",47000000,"Horror, Thriller","Halloween","John Carpenter"
"7.7",47212904,"Action, Adventure","First Blood","Ted Kotcheff"
"7.7",48169908,"Biography, Drama, History","Malcolm X","Spike Lee"
"7.7",51081062,"Action, Adventure, Thriller","Goldfinger","Guy Hamilton"
"7.7",52037603,"Animation, Comedy, Fantasy","South Park: Bigger, Longer & Uncut","Trey Parker"
"7.7",53606916,"Action, Crime, Drama","3:10 to Yuma","James Mangold"
"7.7",54000000,"Drama","The Verdict","Sidney Lumet"
"7.7",54580300,"Crime, Drama, Thriller","Crash","Paul Haggis"
"7.7",54800000,"Drama","Ordinary People","Robert Redford"
"7.7",56116183,"Crime, Drama, Mystery","Primal Fear","Gregory Hoblit"
"7.7",56816662,"Comedy, Fantasy, Romance","Midnight in Paris","Woody Allen"
"7.7",63540020,"Action, Adventure, Sci-Fi","The Fifth Element","Luc Besson"
"7.7",75286229,"Animation, Drama, Family","Coraline","Henry Selick"
"7.7",75331600,"Biography, Drama, Music","Ray","Taylor Hackford"
"7.7",75505856,"Action, Adventure, Drama","The Last of the Mohicans","Michael Mann"
"7.7",76408097,"Animation, Family, Fantasy","Fantasia","James Algar"
"7.7",76631907,"Crime, Drama, Thriller","Training Day","Antoine Fuqua"
"7.7",77324422,"Drama","Philadelphia","Jonathan Demme"
"7.7",77911774,"Action, Crime, Drama","Man on Fire","Tony Scott"
"7.7",78912963,"Action, Adventure, Sci-Fi","Star Trek II: The Wrath of Khan","Nicholas Meyer"
"7.7",82418501,"Drama","Fried Green Tomatoes","Jon Avnet"
"7.7",83043761,"Drama, Romance","Brokeback Mountain","Ang Lee"
"7.7",83400000,"Comedy","Airplane!","Jim Abrahams"
"7.7",96962694,"Biography, Drama","The Social Network","David Fincher"
"7.7",104454762,"Crime, Drama, Thriller","Road to Perdition","Sam Mendes"
"7.7",108638745,"Drama, History, War","Black Hawk Down","Ridley Scott"
"7.7",111110575,"Action, Drama","The Last Samurai","Edward Zwick"
"7.7",119500000,"Comedy, Western","Blazing Saddles","Mel Brooks"
"7.7",124872350,"Drama, Romance","The Fault in Our Stars","Josh Boone"
"7.7",128261724,"Action, Adventure, Comedy","Kingsman: The Secret Service","Matthew Vaughn"
"7.7",132092958,"Comedy, Drama, Romance","Silver Linings Playbook","David O. Russell"
"7.7",136025503,"Biography, Drama, Thriller","Argo","Ben Affleck"
"7.7",141340178,"Drama, Thriller","A Few Good Men","Rob Reiner"
"7.7",146408305,"Action, Adventure, Sci-Fi","X: First Class","Matthew Vaughn"
"7.7",148478011,"Comedy, Drama, Romance","As Good as It Gets","James L. Brooks"
"7.7",156452370,"Animation, Adventure, Comedy","Who Framed Roger Rabbit","Robert Zemeckis"
"7.7",176040665,"Horror, Mystery, Thriller","Get Out","Jordan Peele"
"7.7",176241941,"Action, Mystery, Thriller","The Bourne Supremacy","Paul Greengrass"
"7.7",183417150,"Crime, Thriller","Ocean's Eleven","Steven Soderbergh"
"7.7",189422889,"Animation, Adventure, Comedy","Wreck-It Ralph","Rich Moore"
"7.7",200821936,"Animation, Adventure, Comedy","Tangled","Nathan Greno"
"7.7",220159104,"Action, Adventure, Thriller","Mission: Impossible - Fallout","Christopher McQuarrie"
"7.7",228778661,"Action, Adventure, Sci-Fi","Star Trek Into Darkness","J.J. Abrams"
"7.7",257760692,"Animation, Action, Adventure","The Lego Movie","Christopher Miller"
"7.7",259766572,"Action, Adventure, Sci-Fi","Captain America: The Winter Soldier","Anthony Russo"
"7.7",274092705,"Drama, Sci-Fi, Thriller","Gravity","Alfonso Cuarón"
"7.7",277322503,"Comedy","The Hangover","Todd Phillips"
"7.7",290013036,"Adventure, Family, Fantasy","Harry Potter and the Goblet of Fire","Mike Newell"
"7.7",295983305,"Adventure, Family, Fantasy","Harry Potter and the Deathly Hallows: Part 1","David Yates"
"7.7",304360277,"Action, Adventure, Thriller","Skyfall","Sam Mendes"
"7.7",324591735,"Action, Adventure, Comedy","Deadpool 2","David Leitch"
"7.6",6013,"Crime, Drama, Thriller","Dead Man's Shoes","Shane Meadows"
"7.6",45289,"Crime, Drama, Thriller","Boksuneun naui geot","Chan-wook Park"
"7.6",453243,"Animation, Drama, Romance","Omohide poro poro","Isao Takahata"
"7.6",548707,"Comedy, Drama, Romance","Jeux d'enfants","Yann Samuell"
"7.6",566356,"Drama","Nelyubov","Andrey Zvyagintsev"
"7.6",686383,"Animation, Adventure, Family","The Secret of Kells","Tomm Moore"
"7.6",696690,"Drama, War, Western","Giù la testa","Sergio Leone"
"7.6",697181,"Drama","Mysterious Skin","Gregg Araki"
"7.6",845464,"Drama","Mustang","Deniz Gamze Ergüven"
"7.6",959000,"Comedy, Crime, Drama","The Long Goodbye","Robert Altman"
"7.6",1008098,"Drama, Romance","Hævnen","Susanne Bier"
"7.6",1037847,"Adventure, Drama, Fantasy","Dead Man","Jim Jarmusch"
"7.6",1092800,"Crime, Drama","Leviafan","Andrey Zvyagintsev"
"7.6",1378435,"Adventure, Comedy, War","Kelly's Heroes","Brian G. Hutton"
"7.6",1464625,"Comedy, Drama, Romance","Trois couleurs: Blanc","Krzysztof Kieslowski"
"7.6",1794187,"Comedy, Crime","Delicatessen","Marc Caro"
"7.6",2150000,"Crime, Drama, Thriller","Blood Simple","Joel Coen"
"7.6",3081925,"Drama","Synecdoche, New York","Charlie Kaufman"
"7.6",3185812,"Drama, Horror, Thriller","La piel que habito","Pedro Almodóvar"
"7.6",3796699,"Mystery, Thriller","Lost Highway","David Lynch"
"7.6",4105123,"Action, Thriller","Serbuan maut","Gareth Evans"
"7.6",5739376,"Comedy, Drama","The Station Agent","Tom McCarthy"
"7.6",5904366,"Drama","The Florida Project","Sean Baker"
"7.6",6167817,"Drama, Mystery, Romance","Un long dimanche de fiançailles","Jean-Pierre Jeunet"
"7.6",7267585,"Crime, Drama, Thriller","Lola rennt","Tom Tykwer"
"7.6",7993039,"Comedy","Dazed and Confused","Richard Linklater"
"7.6",9422422,"Drama","The Visitor","Tom McCarthy"
"7.6",10301706,"Biography, Drama, Music","La Vie En Rose","Olivier Dahan"
"7.6",10680275,"Adventure, Comedy, Drama","Fear and Loathing in Las Vegas","Terry Gilliam"
"7.6",12465371,"Action, Adventure, Sci-Fi","Mad Max 2","George Miller"
"7.6",13060843,"Drama","25th Hour","Spike Lee"
"7.6",13122642,"Adventure, Comedy, Drama","The Peanut Butter Falcon","Tyler Nilson"
"7.6",13622333,"Drama","Y tu mamá también","Alfonso Cuarón"
"7.6",13780024,"Comedy, Music, Musical","A Hard Day's Night","Richard Lester"
"7.6",14378331,"Mystery, Sci-Fi, Thriller","Dark City","Alex Proyas"
"7.6",15070285,"Comedy, Crime, Drama","American Psycho","Mary Harron"
"7.6",16290476,"Crime, Drama, Thriller","21 Grams","Alejandro G. Iñárritu"
"7.6",17114882,"Action, Crime, Drama","Eastern Promises","David Cronenberg"
"7.6",18340051,"Action, Biography, Drama","Only the Brave","Joseph Kosinski"
"7.6",19202743,"Animation, Adventure, Family","Kari-gurashi no Arietti","Hiromasa Yonebayashi"
"7.6",20300218,"Crime, Drama, Mystery","Gone Baby Gone","Ben Affleck"
"7.6",22490039,"Action, Crime, Thriller","The Warriors","Walter Hill"
"7.6",23089926,"Drama, Romance, Thriller","Match Point","Woody Allen"
"7.6",24149632,"Action, Crime, Drama","Lord of War","Andrew Niccol"
"7.6",24633730,"Action, Biography, Drama","Huo Yuan Jia","Ronny Yu"
"7.6",24801212,"Drama","Gifted","Marc Webb"
"7.6",26020957,"Drama, Mystery, Thriller","Searching","Aneesh Chaganty"
"7.6",26862450,"Action, Crime, Drama","Hell or High Water","David Mackenzie"
"7.6",30500000,"Drama, Romance, War","From Here to Eternity","Fred Zinnemann"
"7.6",35000000,"Biography, Crime, Drama","Midnight Express","Alan Parker"
"7.6",35014192,"Comedy, Drama, Romance","50/50","Jonathan Levine"
"7.6",36400491,"Drama, War","The Thin Red Line","Terrence Malick"
"7.6",37707719,"Biography, Comedy, Drama","Philomena","Stephen Frears"
"7.6",38634938,"Adventure, Family, Fantasy","Stardust","Matthew Vaughn"
"7.6",39868642,"Drama, Fantasy, Mystery","The Illusionist","Neil Burger"
"7.6",40903593,"Action, Crime, Drama","Falling Down","Joel Schumacher"
"7.6",41003371,"Action, Crime, Drama","End of Watch","David Ayer"
"7.6",43000000,"Action, Biography, Crime","Escape from Alcatraz","Don Siegel"
"7.6",43182776,"Drama, Romance","Sense and Sensibility","Ang Lee"
"7.6",45064915,"Drama, Horror, Sci-Fi","28 Days Later...","Danny Boyle"
"7.6",46889293,"Action, Crime, Drama","Sicario","Denis Villeneuve"
"7.6",48071303,"Action, Comedy, Crime","Kick-Ass","Matthew Vaughn"
"7.6",49100000,"Crime, Drama, Thriller","Sleepers","Barry Levinson"
"7.6",49530280,"Comedy, Drama","Planes, Trains & Automobiles","John Hughes"
"7.6",50668906,"Biography, Drama, Sport","The Hurricane","Norman Jewison"
"7.6",51401758,"Drama, History, War","Enemy at the Gates","Jean-Jacques Annaud"
"7.6",51680613,"Biography, Drama, Family","Finding Neverland","Marc Forster"
"7.6",52364010,"Comedy, Drama","The Royal Tenenbaums","Wes Anderson"
"7.6",52929168,"Comedy, Crime","My Cousin Vinny","Jonathan Lynn"
"7.6",52990775,"Biography, Crime, Drama","Blow","Ted Demme"
"7.6",56000369,"Horror, Mystery, Thriller","Saw","James Wan"
"7.6",57938693,"Drama, Sci-Fi, Thriller","The Butterfly Effect","Eric Bress"
"7.6",65207127,"Action, Crime, Thriller","Lethal Weapon","Richard Donner"
"7.6",66666062,"Crime, Drama","The Godfather: Part III","Francis Ford Coppola"
"7.6",69951824,"Drama","Seven Pounds","Gabriele Muccino"
"7.6",71516617,"Drama, Romance","The Bridges of Madison County","Clint Eastwood"
"7.6",72313754,"Drama, History, Thriller","Bridge of Spies","Steven Spielberg"
"7.6",75590286,"Adventure, Comedy, Fantasy","Zombieland","Ruben Fleischer"
"7.6",75605492,"Biography, Drama, Sport","Moneyball","Bennett Miller"
"7.6",76657000,"Adventure, Comedy, Family","The Muppet Movie","James Frawley"
"7.6",78756177,"Comedy, Crime","The Naked Gun: From the Files of Police Squad!","David Zucker"
"7.6",88513495,"Crime, Drama, Mystery","Inside Man","Spike Lee"
"7.6",92823600,"Comedy, Drama, Romance","When Harry Met Sally...","Rob Reiner"
"7.6",96522687,"Horror, Mystery, Thriller","The Others","Alejandro Amenábar"
"7.6",100012499,"Action, Adventure, Thriller","Die Hard: With a Vengeance","John McTiernan"
"7.6",107509799,"Action, Drama, Mystery","Watchmen","Zack Snyder"
"7.6",107825862,"Action, Crime, Drama","Baby Driver","Edgar Wright"
"7.6",109767581,"Drama, Sport","Creed","Ryan Coogler"
"7.6",111543479,"Animation, Family, Fantasy","The Little Mermaid","Ron Clements"
"7.6",119285432,"Drama","On Golden Pond","Mark Rydell"
"7.6",120620254,"Animation, Adventure, Family","Mulan","Tony Bancroft"
"7.6",132072926,"Action, Crime, Mystery","Minority Report","Steven Spielberg"
"7.6",132088635,"Drama, Sci-Fi","Close Encounters of the Third Kind","Steven Spielberg"
"7.6",141843612,"Animation, Adventure, Family","The Jungle Book","Wolfgang Reitherman"
"7.6",142502728,"Comedy, Drama","Once Upon a Time... in Hollywood","Quentin Tarantino"
"7.6",171243005,"Drama, Western","True Grit","Ethan Coen"
"7.6",173837933,"Adventure, Drama, History","Apollo 13","Ron Howard"
"7.6",208545589,"Action, Adventure, Drama","Dawn of the Planet of the Apes","Matt Reeves"
"7.6",209028679,"Action, Adventure, Mystery","Sherlock Holmes","Guy Ritchie"
"7.6",210614939,"Action, Drama","300","Zack Snyder"
"7.6",215288866,"Drama, Music, Romance","A Star Is Born","Bradley Cooper"
"7.6",248757044,"Animation, Adventure, Comedy","Moana","Ron Clements"
"7.6",251513985,"Animation, Comedy, Crime","Despicable Me","Pierre Coffin"
"7.6",255959475,"Biography, Drama, Sport","The Blind Side","John Lee Hancock"
"7.6",285761243,"Comedy, Family","Home Alone","Chris Columbus"
"7.6",301959197,"Action, Adventure, Family","Harry Potter and the Half-Blood Prince","David Yates"
"7.6",317575550,"Adventure, Family, Fantasy","Harry Potter and the Sorcerer's Stone","Chris Columbus"
"7.6",389813101,"Action, Adventure, Comedy","Guardians of the Galaxy Vol. 2","James Gunn"
"7.6",608581744,"Animation, Action, Adventure","Incredibles 2","Brad Bird"
